date,close,volume
2012-11-12,5683.700195,0
2012-11-15,5631.0,0
2012-11-16,5574.049805,0
2012-11-19,5571.399902,0
2012-11-20,5571.549805,0
2012-11-21,5614.799805,0
2012-11-22,5627.75,0
2012-11-23,5626.600098,0
2012-11-26,5635.899902,0
2012-11-27,5727.450195,0
2012-11-29,5825.0,0
2012-11-30,5879.850098,0
2012-12-03,5870.950195,0
2012-12-04,5889.25,0
2012-12-05,5900.5,0
2012-12-06,5930.899902,0
2012-12-07,5907.399902,0
2012-12-10,5908.899902,0
2012-12-11,5898.799805,0
2012-12-12,5888.0,0
2012-12-13,5851.5,0
2012-12-14,5879.600098,0
2012-12-17,5857.899902,0
2012-12-18,5896.799805,0
2012-12-19,5929.600098,0
2012-12-20,5916.399902,0
2012-12-21,5847.700195,0
2012-12-24,5855.75,0
2012-12-26,5905.600098,0
2012-12-27,5870.100098,0
2012-12-28,5908.350098,0
2012-12-31,5905.100098,0
2013-01-02,5993.25,0
2013-01-03,6009.5,0
2013-01-04,6016.149902,0
2013-01-07,5988.399902,0
2013-01-08,6001.700195,0
2013-01-09,5971.5,0
2013-01-10,5968.649902,0
2013-01-11,5951.299805,0
2013-01-14,6024.049805,0
2013-01-15,6056.600098,0
2013-01-16,6001.850098,0
2013-01-17,6039.200195,0
2013-01-18,6064.399902,0
2013-01-21,6082.299805,130900
2013-01-22,6048.5,129000
2013-01-23,6054.299805,137000
2013-01-24,6019.350098,185200
2013-01-25,6074.649902,147600
2013-01-28,6074.799805,113100
2013-01-29,6049.899902,157600
2013-01-30,6055.75,124200
2013-01-31,6034.75,168500
2013-02-01,5998.899902,159300
2013-02-04,5987.25,141700
2013-02-05,5956.899902,136200
2013-02-06,5959.200195,157800
2013-02-07,5938.799805,157600
2013-02-08,5903.5,192600
2013-02-11,5897.850098,122000
2013-02-12,5922.5,142800
2013-02-13,5932.950195,142600
2013-02-14,5896.950195,143800
2013-02-15,5887.399902,125100
2013-02-18,5898.200195,114300
2013-02-19,5939.700195,101000
2013-02-20,5943.049805,135400
2013-02-21,5852.25,159400
2013-02-22,5850.299805,157000
2013-02-25,5854.75,125100
2013-02-26,5761.350098,157400
2013-02-27,5796.899902,175200
2013-02-28,5693.049805,334900
2013-03-01,5719.700195,174500
2013-03-04,5698.5,144900
2013-03-05,5784.25,154400
2013-03-06,5818.600098,156900
2013-03-07,5863.299805,134700
2013-03-08,5945.700195,150800
2013-03-11,5942.350098,125400
2013-03-12,5914.100098,115900
2013-03-13,5851.200195,116700
2013-03-14,5908.950195,149000
2013-03-15,5872.600098,152200
2013-03-18,5835.25,102700
2013-03-19,5745.950195,182300
2013-03-20,5694.399902,187600
2013-03-21,5658.75,179200
2013-03-22,5651.350098,165300
2013-03-25,5633.850098,150400
2013-03-26,5641.600098,126500
2013-03-28,5682.549805,209700
2013-04-01,5704.399902,97800
2013-04-02,5748.100098,106400
2013-04-03,5672.899902,140700
2013-04-04,5574.75,134600
2013-04-05,5553.25,137500
2013-04-08,5542.950195,97000
2013-04-09,5495.100098,138200
2013-04-10,5558.700195,128600
2013-04-11,5594.0,146800
2013-04-12,5528.549805,127300
2013-04-15,5568.399902,142900
2013-04-16,5688.950195,142700
2013-04-17,5688.700195,154600
2013-04-18,5783.100098,149900
2013-04-22,5834.399902,135100
2013-04-23,5836.899902,132200
2013-04-25,5916.299805,199600
2013-04-26,5871.450195,141300
2013-04-29,5904.100098,118900
2013-04-30,5930.200195,153200
2013-05-02,5999.350098,162400
2013-05-03,5944.0,145800
2013-05-06,5971.049805,110200
2013-05-07,6043.549805,136400
2013-05-08,6069.299805,122300
2013-05-09,6050.149902,110000
2013-05-10,6094.75,111400
2013-05-13,5980.450195,107900
2013-05-14,5995.399902,119300
2013-05-15,6146.75,153900
2013-05-16,6169.899902,158600
2013-05-17,6187.299805,147300
2013-05-20,6156.899902,122300
2013-05-21,6114.100098,130600
2013-05-22,6094.5,133800
2013-05-23,5967.049805,198900
2013-05-24,5983.549805,161600
2013-05-27,6083.149902,115100
2013-05-28,6111.25,139700
2013-05-29,6104.299805,120200
2013-05-30,6124.049805,194100
2013-05-31,5985.950195,175300
2013-06-03,5939.299805,112100
2013-06-04,5919.450195,114500
2013-06-05,5923.850098,110200
2013-06-06,5921.399902,114200
2013-06-07,5881.0,118300
2013-06-10,5878.0,100100
2013-06-11,5788.799805,180900
2013-06-12,5760.200195,140400
2013-06-13,5699.100098,142000
2013-06-14,5808.399902,124400
2013-06-17,5850.049805,107200
2013-06-18,5813.600098,117500
2013-06-19,5822.25,115500
2013-06-20,5655.899902,198400
2013-06-21,5667.649902,182400
2013-06-24,5590.25,193500
2013-06-25,5609.100098,196600
2013-06-26,5588.700195,160100
2013-06-27,5682.350098,239000
2013-06-28,5842.200195,214400
2013-07-01,5898.850098,144800
2013-07-02,5857.549805,145700
2013-07-03,5770.899902,160500
2013-07-04,5836.950195,151900
2013-07-05,5867.899902,123600
2013-07-08,5811.549805,127600
2013-07-09,5859.0,110400
2013-07-10,5816.700195,117500
2013-07-11,5935.100098,120200
2013-07-12,6009.0,127700
2013-07-15,6030.799805,116300
2013-07-16,5955.25,151200
2013-07-17,5973.299805,191500
2013-07-18,6038.049805,171700
2013-07-19,6029.200195,163300
2013-07-22,6031.799805,115200
2013-07-23,6077.799805,126500
2013-07-24,5990.5,151900
2013-07-25,5907.5,237100
2013-07-26,5886.200195,174500
2013-07-29,5831.649902,173400
2013-07-30,5755.049805,181500
2013-07-31,5742.0,235500
2013-08-01,5727.850098,216800
2013-08-02,5677.899902,222500
2013-08-05,5685.399902,197200
2013-08-06,5542.25,216200
2013-08-07,5519.100098,245000
2013-08-08,5565.649902,204900
2013-08-12,5612.399902,195700
2013-08-13,5699.299805,223000
2013-08-14,5742.299805,223700
2013-08-16,5507.850098,248100
2013-08-19,5414.75,219700
2013-08-20,5401.450195,261100
2013-08-21,5302.549805,255000
2013-08-22,5408.450195,284500
2013-08-23,5471.75,251500
2013-08-26,5476.5,242000
2013-08-27,5287.450195,306000
2013-08-28,5285.0,336000
2013-08-29,5409.049805,326500
2013-08-30,5471.799805,336400
2013-09-02,5550.75,214200
2013-09-03,5341.450195,250300
2013-09-04,5448.100098,237200
2013-09-05,5592.950195,274900
2013-09-06,5680.399902,253000
2013-09-10,5896.75,275200
2013-09-11,5913.149902,265000
2013-09-12,5850.700195,273000
2013-09-13,5850.600098,190800
2013-09-16,5840.549805,219500
2013-09-17,5850.200195,157900
2013-09-18,5899.450195,153600
2013-09-19,6115.549805,287200
2013-09-20,6012.100098,318600
2013-09-23,5889.75,188300
2013-09-24,5892.450195,187600
2013-09-25,5873.850098,200200
2013-09-26,5882.25,220600
2013-09-27,5833.200195,163100
2013-09-30,5735.299805,155700
2013-10-01,5780.049805,159200
2013-10-03,5909.700195,199800
2013-10-04,5907.299805,191500
2013-10-07,5906.149902,156400
2013-10-08,5928.399902,158500
2013-10-09,6007.450195,192000
2013-10-10,6020.950195,159600
2013-10-11,6096.200195,180800
2013-10-14,6112.700195,142200
2013-10-15,6089.049805,218300
2013-10-17,6045.850098,230600
2013-10-18,6189.350098,250300
2013-10-21,6204.950195,197000
2013-10-22,6202.799805,161900
2013-10-23,6178.350098,188300
2013-10-24,6164.350098,148900
2013-10-25,6144.899902,144500
2013-10-28,6101.100098,146300
2013-10-29,6220.899902,197300
2013-10-30,6251.700195,177600
2013-10-31,6299.149902,239600
2013-11-01,6307.200195,191600
2013-11-05,6253.149902,181100
2013-11-06,6215.149902,157100
2013-11-07,6187.25,168800
2013-11-08,6140.75,150100
2013-11-11,6078.799805,146100
2013-11-12,6018.049805,153800
2013-11-13,5989.600098,162500
2013-11-14,6056.149902,154900
2013-11-18,6189.0,164000
2013-11-19,6203.350098,161500
2013-11-20,6122.899902,155800
2013-11-21,5999.049805,137200
2013-11-22,5995.450195,134800
2013-11-25,6115.350098,127200
2013-11-26,6059.100098,150700
2013-11-27,6057.100098,124900
2013-11-28,6091.850098,195300
2013-11-29,6176.100098,190700
2013-12-02,6217.850098,145900
2013-12-03,6201.850098,156900
2013-12-04,6160.950195,186200
2013-12-05,6241.100098,186100
2013-12-06,6259.899902,158500
2013-12-09,6363.899902,198300
2013-12-10,6332.850098,242400
2013-12-11,6307.899902,148200
2013-12-12,6237.049805,148500
2013-12-13,6168.399902,169700
2013-12-16,6154.700195,146500
2013-12-17,6139.049805,154200
2013-12-18,6217.149902,243300
2013-12-19,6166.649902,437000
2013-12-20,6274.25,172000
2013-12-23,6284.5,131200
2013-12-24,6268.399902,107600
2013-12-26,6278.899902,182300
2013-12-27,6313.799805,96900
2013-12-30,6291.100098,101300
2013-12-31,6304.0,103400
2014-01-02,6221.149902,158100
2014-01-03,6211.149902,139000
2014-01-06,6191.450195,118300
2014-01-07,6162.25,138600
2014-01-08,6174.600098,146900
2014-01-09,6168.350098,150100
2014-01-10,6171.450195,159900
2014-01-13,6272.75,135000
2014-01-14,6241.850098,110200
2014-01-15,6320.899902,145900
2014-01-16,6318.899902,153400
2014-01-17,6261.649902,167700
2014-01-20,6303.950195,122100
2014-01-21,6313.799805,141700
2014-01-22,6338.950195,137500
2014-01-23,6345.649902,120100
2014-01-24,6266.75,160300
2014-01-27,6135.850098,190400
2014-01-28,6126.25,184100
2014-01-29,6120.25,146700
2014-01-30,6073.700195,208100
2014-01-31,6089.5,146700
2014-02-03,6001.799805,134900
2014-02-04,6000.899902,183300
2014-02-05,6022.399902,166600
2014-02-06,6036.299805,185500
2014-02-07,6063.200195,181900
2014-02-10,6053.450195,133100
2014-02-11,6062.700195,150500
2014-02-12,6084.0,138500
2014-02-13,6001.100098,153700
2014-02-14,6048.350098,140200
2014-02-18,6127.100098,126600
2014-02-19,6152.75,95200
2014-02-20,6091.450195,132100
2014-02-21,6155.450195,112600
2014-02-24,6186.100098,144900
2014-02-25,6200.049805,146300
2014-02-26,6238.799805,181700
2014-02-28,6276.950195,180600
2014-03-03,6221.450195,144600
2014-03-04,6297.950195,166800
2014-03-05,6328.649902,160300
2014-03-06,6401.149902,180700
2014-03-07,6526.649902,284900
2014-03-10,6537.25,242100
2014-03-11,6511.899902,239000
2014-03-12,6516.899902,175000
2014-03-13,6493.100098,167900
2014-03-14,6504.200195,177300
2014-03-18,6516.649902,179300
2014-03-19,6524.049805,172500
2014-03-20,6483.100098,142000
2014-03-21,6493.200195,189900
2014-03-24,6583.5,158400
2014-03-25,6589.75,168100
2014-03-26,6601.399902,186600
2014-03-27,6641.75,312400
2014-03-28,6695.899902,184800
2014-03-31,6704.200195,220600
2014-04-01,6721.049805,177800
2014-04-02,6752.549805,173300
2014-04-03,6736.100098,197500
2014-04-04,6694.350098,155100
2014-04-07,6695.049805,133900
2014-04-09,6796.200195,169800
2014-04-10,6796.399902,191100
2014-04-11,6776.299805,140700
2014-04-15,6733.100098,123200
2014-04-16,6675.299805,119800
2014-04-17,6779.399902,131500
2014-04-21,6817.649902,111800
2014-04-22,6815.350098,114700
2014-04-23,6840.799805,183000
2014-04-25,6782.75,154300
2014-04-28,6761.25,118200
2014-04-29,6715.25,115500
2014-04-30,6696.399902,161100
2014-05-02,6694.799805,114300
2014-05-05,6699.350098,105000
2014-05-06,6715.299805,88300
2014-05-07,6652.549805,114100
2014-05-08,6659.850098,101600
2014-05-09,6858.799805,166400
2014-05-12,7014.25,157700
2014-05-13,7108.75,232200
2014-05-14,7108.75,177200
2014-05-15,7123.149902,186800
2014-05-16,7203.0,393200
2014-05-19,7263.549805,316200
2014-05-20,7275.5,255300
2014-05-21,7252.899902,203100
2014-05-22,7276.399902,240900
2014-05-23,7367.100098,259600
2014-05-26,7359.049805,273200
2014-05-27,7318.0,168600
2014-05-28,7329.649902,175600
2014-05-29,7235.649902,241100
2014-05-30,7229.950195,312200
2014-06-02,7362.5,169900
2014-06-03,7415.850098,234700
2014-06-04,7402.25,204600
2014-06-05,7474.100098,250700
2014-06-06,7583.399902,248400
2014-06-09,7654.600098,231900
2014-06-10,7656.399902,188700
2014-06-11,7626.850098,186200
2014-06-12,7649.899902,148200
2014-06-13,7542.100098,174500
2014-06-16,7533.549805,155400
2014-06-17,7631.700195,158000
2014-06-18,7558.200195,165100
2014-06-19,7540.700195,148900
2014-06-20,7511.450195,124100
2014-06-23,7493.350098,127400
2014-06-24,7580.200195,137000
2014-06-25,7569.25,115000
2014-06-26,7493.200195,171700
2014-06-27,7508.799805,126700
2014-06-30,7611.350098,152300
2014-07-01,7634.700195,139400
2014-07-02,7725.149902,136300
2014-07-03,7714.799805,133800
2014-07-04,7751.600098,113100
2014-07-07,7787.149902,173900
2014-07-08,7623.200195,180600
2014-07-09,7585.0,168300
2014-07-10,7567.75,258400
2014-07-11,7459.600098,187600
2014-07-14,7454.149902,135200
2014-07-15,7526.649902,122100
2014-07-16,7624.399902,168000
2014-07-17,7640.450195,141600
2014-07-18,7663.899902,134600
2014-07-21,7684.200195,105400
2014-07-22,7767.850098,120100
2014-07-23,7795.75,122100
2014-07-24,7830.600098,117600
2014-07-25,7790.450195,153900
2014-07-28,7748.700195,116500
2014-07-30,7791.399902,178100
2014-07-31,7721.299805,208900
2014-08-01,7602.600098,181100
2014-08-04,7683.649902,137000
2014-08-05,7746.549805,128200
2014-08-06,7672.049805,116400
2014-08-07,7649.25,116800
2014-08-08,7568.549805,118400
2014-08-11,7625.950195,107000
2014-08-12,7727.049805,120600
2014-08-13,7739.549805,154100
2014-08-14,7791.700195,127300
2014-08-18,7874.25,126700
2014-08-19,7897.5,140600
2014-08-20,7875.299805,117300
2014-08-21,7891.100098,115200
2014-08-22,7913.200195,104100
2014-08-25,7906.299805,118500
2014-08-26,7904.75,142800
2014-08-27,7936.049805,120000
2014-08-28,7954.350098,189700
2014-09-01,8027.700195,139300
2014-09-02,8083.049805,134900
2014-09-03,8114.600098,150700
2014-09-04,8095.950195,141300
2014-09-05,8086.850098,126000
2014-09-08,8173.899902,120700
2014-09-09,8152.950195,104700
2014-09-10,8094.100098,107100
2014-09-11,8085.700195,122800
2014-09-12,8105.5,111400
2014-09-15,8042.0,96500
2014-09-16,7932.899902,128000
2014-09-17,7975.5,123700
2014-09-18,8114.75,116900
2014-09-19,8121.450195,161300
2014-09-22,8146.299805,105500
2014-09-23,8017.549805,140800
2014-09-24,8002.399902,182200
2014-09-25,7911.850098,231900
2014-09-26,7968.850098,147800
2014-09-29,7958.899902,97300
2014-09-30,7964.799805,141100
2014-10-01,7945.549805,113000
2014-10-07,7852.399902,148200
2014-10-08,7842.700195,135900
2014-10-09,7960.549805,123800
2014-10-10,7859.950195,142900
2014-10-13,7884.25,118800
2014-10-14,7864.0,225500
2014-10-16,7748.200195,213500
2014-10-17,7779.700195,177600
2014-10-20,7879.399902,176200
2014-10-21,7927.75,163400
2014-10-22,7995.899902,151100
2014-10-27,7991.700195,132800
2014-10-28,8027.600098,124100
2014-10-29,8090.450195,148300
2014-10-30,8169.200195,205700
2014-10-31,8322.200195,176200
2014-11-03,8324.150391,141100
2014-11-05,8338.299805,161600
2014-11-07,8337.0,153400
2014-11-10,8344.25,130700
2014-11-11,8362.650391,122000
2014-11-12,8383.299805,125200
2014-11-13,8357.849609,127400
2014-11-14,8389.900391,146800
2014-11-17,8430.75,113900
2014-11-18,8425.900391,134700
2014-11-19,8382.299805,125400
2014-11-20,8401.900391,122800
2014-11-21,8477.349609,137000
2014-11-24,8530.150391,140700
2014-11-25,8463.099609,271900
2014-11-26,8475.75,151900
2014-11-27,8494.200195,194300
2014-11-28,8588.25,197200
2014-12-01,8555.900391,152000
2014-12-02,8524.700195,137400
2014-12-03,8537.650391,153200
2014-12-04,8564.400391,143500
2014-12-05,8538.299805,143300
2014-12-08,8438.25,163800
2014-12-09,8340.700195,146300
2014-12-10,8355.650391,136700
2014-12-11,8292.900391,133900
2014-12-12,8224.099609,138100
2014-12-15,8219.599609,137100
2014-12-16,8067.600098,197300
2014-12-17,8029.799805,216200
2014-12-18,8159.299805,162100
2014-12-19,8225.200195,174800
2014-12-22,8324.0,139200
2014-12-23,8267.0,132200
2014-12-24,8174.100098,221900
2014-12-26,8200.700195,75500
2014-12-29,8246.299805,82100
2014-12-30,8248.25,77700
2014-12-31,8282.700195,84500
2015-01-02,8395.450195,101900
2015-01-05,8378.400391,118200
2015-01-06,8127.350098,172800
2015-01-07,8102.100098,164100
2015-01-08,8234.599609,143800
2015-01-09,8284.5,148000
2015-01-12,8323.0,103200
2015-01-13,8299.400391,129600
2015-01-14,8277.549805,146100
2015-01-15,8494.150391,232100
2015-01-16,8513.799805,176000
2015-01-19,8550.700195,125400
2015-01-20,8695.599609,158700
2015-01-21,8729.5,185900
2015-01-22,8761.400391,175500
2015-01-23,8835.599609,191200
2015-01-27,8910.5,192000
2015-01-28,8914.299805,185100
2015-01-29,8952.349609,256300
2015-01-30,8808.900391,267300
2015-02-02,8797.400391,210100
2015-02-03,8756.549805,208700
2015-02-04,8723.700195,195300
2015-02-05,8711.700195,173600
2015-02-06,8661.049805,171300
2015-02-09,8526.349609,146800
2015-02-10,8565.549805,196200
2015-02-11,8627.400391,161600
2015-02-12,8711.549805,158800
2015-02-13,8805.5,221900
2015-02-16,8809.349609,136400
2015-02-18,8869.099609,147600
2015-02-19,8895.299805,213300
2015-02-20,8833.599609,197600
2015-02-23,8754.950195,139600
2015-02-24,8762.099609,149800
2015-02-25,8767.25,135200
2015-02-26,8683.849609,217500
2015-02-27,8844.599609,249500
2015-03-02,8956.75,218100
2015-03-03,8996.25,177800
2015-03-04,8922.650391,248400
2015-03-05,8937.75,160100
2015-03-09,8756.75,155500
2015-03-10,8712.049805,163800
2015-03-11,8699.950195,172800
2015-03-12,8776.0,173900
2015-03-13,8647.75,179200
2015-03-16,8633.150391,163300
2015-03-17,8723.299805,177000
2015-03-18,8685.900391,156400
2015-03-19,8634.650391,163500
2015-03-20,8570.900391,174600
2015-03-23,8550.900391,150700
2015-03-24,8542.950195,156700
2015-03-25,8530.799805,161000
2015-03-26,8342.150391,280100
2015-03-27,8341.400391,193000
2015-03-30,8492.299805,134700
2015-03-31,8491.0,167200
2015-04-01,8586.25,125500
2015-04-06,8659.900391,146900
2015-04-07,8660.299805,148700
2015-04-08,8714.400391,148200
2015-04-09,8778.299805,152700
2015-04-10,8780.349609,139000
2015-04-13,8834.0,121600
2015-04-16,8706.700195,142900
2015-04-17,8606.0,150400
2015-04-20,8448.099609,148900
2015-04-21,8377.75,407800
2015-04-22,8429.700195,171800
2015-04-23,8398.299805,156000
2015-04-24,8305.25,173600
2015-04-27,8213.799805,171500
2015-04-28,8285.599609,174600
2015-04-29,8239.75,160400
2015-04-30,8181.5,267700
2015-05-04,8331.950195,131700
2015-05-05,8324.799805,155500
2015-05-06,8097.0,209600
2015-05-07,8057.299805,161600
2015-05-08,8191.5,183100
2015-05-11,8325.25,192000
2015-05-12,8126.950195,173400
2015-05-13,8235.450195,169800
2015-05-14,8224.200195,134800
2015-05-15,8262.349609,129800
2015-05-18,8373.650391,148700
2015-05-19,8365.650391,140300
2015-05-20,8423.25,123600
2015-05-21,8421.0,143800
2015-05-22,8458.950195,187300
2015-05-25,8370.25,121300
2015-05-26,8339.349609,116800
2015-05-27,8334.599609,165500
2015-05-28,8319.0,232300
2015-05-29,8433.650391,363900
2015-06-01,8433.400391,122200
2015-06-02,8236.450195,146800
2015-06-03,8135.100098,171400
2015-06-04,8130.649902,154700
2015-06-05,8114.700195,162100
2015-06-08,8044.149902,135900
2015-06-09,8022.399902,136000
2015-06-10,8124.450195,136800
2015-06-11,7965.350098,166200
2015-06-12,7982.899902,136600
2015-06-15,8013.899902,133000
2015-06-16,8047.299805,124000
2015-06-17,8091.549805,152500
2015-06-18,8174.600098,144800
2015-06-19,8224.950195,147100
2015-06-22,8353.099609,122700
2015-06-23,8381.549805,131700
2015-06-24,8360.849609,130100
2015-06-25,8398.0,201200
2015-06-26,8381.099609,110600
2015-06-29,8318.400391,132000
2015-06-30,8368.5,158500
2015-07-01,8453.049805,131800
2015-07-02,8444.900391,112000
2015-07-03,8484.900391,88400
2015-07-06,8522.150391,101500
2015-07-07,8510.799805,122200
2015-07-08,8363.049805,188100
2015-07-09,8328.549805,131300
2015-07-10,8360.549805,154100
2015-07-13,8459.650391,117800
2015-07-14,8454.099609,101700
2015-07-15,8523.799805,105500
2015-07-16,8608.049805,116000
2015-07-17,8609.849609,105000
2015-07-20,8603.450195,90600
2015-07-21,8529.450195,164100
2015-07-22,8633.5,136800
2015-07-23,8589.799805,132900
2015-07-24,8521.549805,127400
2015-07-27,8361.0,136600
2015-07-28,8337.0,174600
2015-07-29,8375.049805,141000
2015-07-30,8421.799805,215200
2015-07-31,8532.849609,203300
2015-08-03,8543.049805,156700
2015-08-04,8516.900391,187400
2015-08-05,8567.950195,132800
2015-08-06,8588.650391,134900
2015-08-07,8564.599609,143700
2015-08-10,8525.599609,123400
2015-08-11,8462.349609,154400
2015-08-12,8349.450195,190000
2015-08-13,8355.849609,189200
2015-08-14,8518.549805,155900
2015-08-17,8477.299805,174700
2015-08-18,8466.549805,153300
2015-08-19,8495.150391,130500
2015-08-20,8372.75,184100
2015-08-21,8299.950195,201300
2015-08-24,7809.0,312400
2015-08-25,7880.700195,299100
2015-08-26,7791.850098,216600
2015-08-27,7948.950195,305000
2015-08-28,8001.950195,195600
2015-08-31,7971.299805,198200
2015-09-01,7785.850098,184900
2015-09-02,7717.0,215300
2015-09-03,7823.0,155800
2015-09-04,7655.049805,193600
2015-09-07,7558.799805,141400
2015-09-08,7688.25,172200
2015-09-09,7818.600098,208400
2015-09-10,7788.100098,160300
2015-09-11,7789.299805,136400
2015-09-14,7872.25,122800
2015-09-15,7829.100098,136500
2015-09-16,7899.149902,140000
2015-09-18,7981.899902,241800
2015-09-21,7977.100098,121800
2015-09-22,7812.0,168400
2015-09-23,7845.950195,146700
2015-09-24,7868.5,202500
2015-09-28,7795.700195,136300
2015-09-29,7843.299805,240700
2015-09-30,7948.899902,210700
2015-10-01,7950.899902,156900
2015-10-05,8119.299805,183100
2015-10-06,8152.899902,178500
2015-10-07,8177.399902,193900
2015-10-08,8129.350098,171700
2015-10-09,8189.700195,199700
2015-10-12,8143.600098,199100
2015-10-13,8131.700195,145900
2015-10-14,8107.899902,138900
2015-10-15,8179.5,167200
2015-10-16,8238.150391,156400
2015-10-19,8275.049805,124500
2015-10-20,8261.650391,155100
2015-10-21,8251.700195,144800
2015-10-23,8295.450195,152000
2015-10-26,8260.549805,133900
2015-10-27,8232.900391,156700
2015-10-28,8171.200195,188900
2015-10-29,8111.75,217500
2015-10-30,8065.799805,199500
2015-11-02,8050.799805,136100
2015-11-03,8060.700195,132500
2015-11-04,8040.200195,122100
2015-11-05,7955.450195,132100
2015-11-06,7954.299805,219500
2015-11-09,7915.200195,211800
2015-11-10,7783.350098,165200
2015-11-13,7762.25,160900
2015-11-16,7806.600098,149500
2015-11-17,7837.549805,145000
2015-11-18,7731.799805,143600
2015-11-19,7842.75,132600
2015-11-20,7856.549805,151900
2015-11-23,7849.25,127000
2015-11-24,7831.600098,130600
2015-11-26,7883.799805,219800
2015-11-27,7942.700195,150300
2015-11-30,7935.25,216300
2015-12-01,7954.899902,138600
2015-12-02,7931.350098,126300
2015-12-03,7864.149902,125700
2015-12-04,7781.899902,152500
2015-12-07,7765.399902,137600
2015-12-08,7701.700195,135100
2015-12-09,7612.5,140000
2015-12-10,7683.299805,140800
2015-12-11,7610.450195,167800
2015-12-14,7650.049805,148900
2015-12-15,7700.899902,134300
2015-12-16,7750.899902,154300
2015-12-17,7844.350098,175900
2015-12-18,7761.950195,191400
2015-12-21,7834.450195,126300
2015-12-22,7786.100098,125700
2015-12-23,7865.950195,117900
2015-12-24,7861.049805,93500
2015-12-28,7925.149902,122900
2015-12-29,7928.950195,113000
2015-12-30,7896.25,106800
2015-12-31,7946.350098,150900
2016-01-04,7791.299805,134700
2016-01-05,7784.649902,145200
2016-01-06,7741.0,147100
2016-01-07,7568.299805,188900
2016-01-08,7601.350098,157400
2016-01-11,7563.850098,189000
2016-01-12,7510.299805,163900
2016-01-13,7562.399902,215200
2016-01-14,7536.799805,200800
2016-01-15,7437.799805,197500
2016-01-18,7351.0,233600
2016-01-19,7435.100098,188300
2016-01-20,7309.299805,225600
2016-01-21,7276.799805,240700
2016-01-22,7422.450195,229200
2016-01-25,7436.149902,163200
2016-01-27,7437.75,187600
2016-01-28,7424.649902,274500
2016-01-29,7563.549805,298700
2016-02-01,7555.950195,200400
2016-02-02,7455.549805,230200
2016-02-03,7361.799805,192000
2016-02-04,7404.0,222700
2016-02-05,7489.100098,249800
2016-02-08,7387.25,171500
2016-02-09,7298.200195,212100
2016-02-10,7215.700195,246900
2016-02-11,6976.350098,292300
2016-02-12,6980.950195,333900
2016-02-15,7162.950195,354200
2016-02-16,7048.25,253800
2016-02-17,7108.450195,260000
2016-02-18,7191.75,246700
2016-02-19,7210.75,192300
2016-02-22,7234.549805,154400
2016-02-23,7109.549805,194400
2016-02-24,7018.700195,199700
2016-02-25,6970.600098,283100
2016-02-26,7029.75,206700
2016-02-29,6987.049805,473400
2016-03-01,7222.299805,275100
2016-03-02,7368.850098,338500
2016-03-03,7475.600098,278600
2016-03-04,7485.350098,281700
2016-03-08,7485.299805,257000
2016-03-09,7531.799805,245100
2016-03-10,7486.149902,224700
2016-03-11,7510.200195,198700
2016-03-14,7538.75,166900
2016-03-15,7460.600098,193700
2016-03-16,7498.75,195400
2016-03-17,7512.549805,239600
2016-03-18,7604.350098,237400
2016-03-21,7704.25,196800
2016-03-22,7714.899902,208900
2016-03-23,7716.5,199600
2016-03-28,7615.100098,242400
2016-03-29,7597.0,216800
2016-03-30,7735.200195,232600
2016-03-31,7738.399902,380100
2016-04-01,7713.049805,183900
2016-04-04,7758.799805,155500
2016-04-05,7603.200195,203800
2016-04-06,7614.350098,165600
2016-04-07,7546.450195,234400
2016-04-08,7555.200195,143400
2016-04-11,7671.399902,179800
2016-04-12,7708.950195,163400
2016-04-13,7850.450195,220400
2016-04-18,7914.700195,184600
2016-04-20,7914.75,205300
2016-04-21,7912.049805,223700
2016-04-22,7899.299805,183300
2016-04-25,7855.049805,146300
2016-04-26,7962.649902,202400
2016-04-27,7979.899902,206800
2016-04-28,7847.25,292500
2016-04-29,7849.799805,243700
2016-05-02,7805.899902,146300
2016-05-03,7747.0,186500
2016-05-04,7706.549805,199700
2016-05-05,7735.5,185100
2016-05-06,7733.450195,163600
2016-05-09,7866.049805,160600
2016-05-10,7887.799805,162000
2016-05-11,7848.850098,214100
2016-05-12,7900.399902,152700
2016-05-13,7814.899902,179500
2016-05-16,7860.75,205200
2016-05-17,7890.75,183400
2016-05-18,7870.149902,156400
2016-05-19,7783.399902,170400
2016-05-20,7749.700195,157000
2016-05-23,7731.049805,172000
2016-05-24,7748.850098,147000
2016-05-25,7934.899902,176200
2016-05-26,8069.649902,264300
2016-05-27,8156.649902,260900
2016-05-30,8178.5,247400
2016-05-31,8160.100098,471000
2016-06-01,8179.950195,194400
2016-06-02,8218.950195,181700
2016-06-03,8220.799805,379000
2016-06-06,8201.049805,171600
2016-06-07,8266.450195,241900
2016-06-08,8273.049805,174300
2016-06-09,8203.599609,174900
2016-06-10,8170.049805,182200
2016-06-13,8110.600098,169700
2016-06-14,8108.850098,145500
2016-06-15,8206.599609,169800
2016-06-16,8140.75,189200
2016-06-17,8170.200195,166600
2016-06-20,8238.5,168600
2016-06-21,8219.900391,137000
2016-06-22,8203.700195,136100
2016-06-23,8270.450195,154100
2016-06-24,8088.600098,297600
2016-06-27,8094.700195,162500
2016-06-28,8127.850098,170400
2016-06-29,8204.0,147000
2016-06-30,8287.75,279400
2016-07-01,8328.349609,165500
2016-07-04,8370.700195,154200
2016-07-05,8335.950195,139000
2016-07-07,8337.900391,155500
2016-07-08,8323.200195,137900
2016-07-11,8467.900391,149800
2016-07-12,8521.049805,183600
2016-07-13,8519.5,195500
2016-07-14,8565.0,153900
2016-07-15,8541.400391,221700
2016-07-18,8508.700195,164300
2016-07-19,8528.549805,167900
2016-07-20,8565.849609,160300
2016-07-21,8510.099609,150000
2016-07-22,8541.200195,143200
2016-07-25,8635.650391,150000
2016-07-26,8590.650391,154800
2016-07-27,8615.799805,184100
2016-07-28,8666.299805,233500
2016-07-29,8638.5,157000
2016-08-01,8636.549805,188400
2016-08-02,8622.900391,169400
2016-08-03,8544.849609,163000
2016-08-04,8551.099609,164700
2016-08-05,8683.150391,157900
2016-08-08,8711.349609,172600
2016-08-09,8678.25,200100
2016-08-10,8575.299805,173600
2016-08-11,8592.150391,189200
2016-08-16,8642.549805,224800
2016-08-17,8624.049805,174100
2016-08-18,8673.25,164300
2016-08-19,8666.900391,191900
2016-08-22,8629.150391,152300
2016-08-23,8632.599609,187500
2016-08-24,8650.299805,149600
2016-08-25,8592.200195,213100
2016-08-26,8572.549805,147500
2016-08-29,8607.450195,129700
2016-08-30,8744.349609,150200
2016-08-31,8786.200195,362200
2016-09-01,8774.650391,238900
2016-09-02,8809.650391,191500
2016-09-06,8943.0,195600
2016-09-07,8917.950195,290100
2016-09-08,8952.5,217200
2016-09-09,8866.700195,175900
2016-09-12,8715.599609,184500
2016-09-14,8726.599609,184300
2016-09-15,8742.549805,145400
2016-09-16,8779.849609,265800
2016-09-19,8808.400391,131700
2016-09-20,8775.900391,136500
2016-09-21,8777.150391,148800
2016-09-22,8867.450195,172800
2016-09-23,8831.549805,185900
2016-09-26,8723.049805,164000
2016-09-27,8706.400391,151400
2016-09-28,8745.150391,165500
2016-09-29,8591.25,372900
2016-09-30,8611.150391,181700
2016-10-03,8738.099609,137300
2016-10-04,8769.150391,184300
2016-10-05,8743.950195,157200
2016-10-06,8709.549805,163600
2016-10-07,8697.599609,150400
2016-10-10,8708.799805,108400
2016-10-13,8573.349609,212300
2016-10-14,8583.400391,162800
2016-10-17,8520.400391,197400
2016-10-18,8677.900391,216600
2016-10-19,8659.099609,172100
2016-10-20,8699.400391,161000
2016-10-21,8693.049805,157300
2016-10-24,8708.950195,157100
2016-10-25,8691.299805,189800
2016-10-26,8615.25,219300
2016-10-27,8615.25,242800
2016-10-28,8638.0,175500
2016-11-01,8626.25,165000
2016-11-02,8514.0,155300
2016-11-03,8484.950195,170500
2016-11-04,8433.75,224800
2016-11-07,8497.049805,172800
2016-11-08,8543.549805,195700
2016-11-09,8432.0,314300
2016-11-10,8525.75,263100
2016-11-11,8296.299805,266900
2016-11-15,8108.450195,359200
2016-11-16,8111.600098,269500
2016-11-17,8079.950195,191300
2016-11-18,8074.100098,161200
2016-11-21,7929.100098,218800
2016-11-22,8002.299805,210200
2016-11-23,8033.299805,181000
2016-11-24,7965.5,260500
2016-11-25,8114.299805,177900
2016-11-28,8126.899902,189700
2016-11-29,8142.149902,189700
2016-11-30,8224.5,248000
2016-12-01,8192.900391,157700
2016-12-02,8086.799805,171500
2016-12-05,8128.75,126500
2016-12-06,8143.149902,115300
2016-12-07,8102.049805,169800
2016-12-08,8246.849609,142500
2016-12-09,8261.75,149700
2016-12-12,8170.799805,108100
2016-12-13,8221.799805,184000
2016-12-14,8182.450195,144600
2016-12-15,8153.600098,181800
2016-12-16,8139.450195,203000
2016-12-19,8104.350098,107400
2016-12-20,8082.399902,128000
2016-12-21,8061.299805,123700
2016-12-22,7979.100098,122600
2016-12-23,7985.75,124100
2016-12-26,7908.25,106900
2016-12-27,8032.850098,118800
2016-12-28,8034.850098,126700
2016-12-29,8103.600098,178500
2016-12-30,8185.799805,127600
2017-01-02,8179.5,118300
2017-01-03,8192.25,127300
2017-01-04,8190.5,132400
2017-01-05,8273.799805,159100
2017-01-06,8243.799805,139400
2017-01-09,8236.049805,99100
2017-01-10,8288.599609,142900
2017-01-11,8380.650391,186500
2017-01-12,8407.200195,172600
2017-01-13,8400.349609,185300
2017-01-16,8412.799805,124100
2017-01-17,8398.0,122000
2017-01-18,8417.0,163800
2017-01-19,8435.099609,165900
2017-01-20,8349.349609,202600
2017-01-23,8391.5,195000
2017-01-24,8475.799805,179200
2017-01-25,8602.75,292500
2017-01-27,8641.25,275400
2017-01-30,8632.75,304700
2017-01-31,8561.299805,521000
2017-02-01,8716.400391,327700
2017-02-02,8734.25,283500
2017-02-03,8740.950195,191000
2017-02-06,8801.049805,194400
2017-02-07,8768.299805,226300
2017-02-08,8769.049805,218700
2017-02-09,8778.400391,187500
2017-02-10,8793.549805,225900
2017-02-13,8805.049805,204900
2017-02-14,8792.299805,188300
2017-02-15,8724.700195,216100
2017-02-16,8778.0,184600
2017-02-17,8821.700195,298300
2017-02-20,8879.200195,167800
2017-02-21,8907.849609,175700
2017-02-22,8926.900391,247100
2017-02-23,8939.5,377200
2017-02-27,8896.700195,189900
2017-02-28,8879.599609,293600
2017-03-01,8945.799805,205900
2017-03-02,8899.75,218800
2017-03-03,8897.549805,202600
2017-03-06,8963.450195,174800
2017-03-07,8946.900391,173400
2017-03-08,8924.299805,177800
2017-03-09,8927.0,171500
2017-03-10,8934.549805,152700
2017-03-14,9087.0,270300
2017-03-15,9084.799805,240600
2017-03-16,9153.700195,208600
2017-03-17,9160.049805,286700
2017-03-20,9126.849609,332100
2017-03-21,9121.5,247700
2017-03-22,9030.450195,232300
2017-03-23,9086.299805,191800
2017-03-24,9108.0,203700
2017-03-27,9045.200195,202700
2017-03-28,9100.799805,183300
2017-03-29,9143.799805,243400
2017-03-30,9173.75,323400
2017-03-31,9173.75,190900
2017-04-03,9237.849609,139100
2017-04-05,9265.150391,184800
2017-04-06,9261.950195,186100
2017-04-07,9198.299805,190000
2017-04-10,9181.450195,135800
2017-04-11,9237.0,200100
2017-04-12,9203.450195,161800
2017-04-13,9150.799805,166500
2017-04-17,9139.299805,0
2017-04-18,9105.150391,174200
2017-04-19,9103.5,173700
2017-04-20,9136.400391,170300
2017-04-21,9119.400391,155200
2017-04-24,9217.950195,167700
2017-04-25,9306.599609,168700
2017-04-26,9351.849609,185700
2017-04-27,9342.150391,209400
2017-04-28,9304.049805,162200
2017-05-02,9313.799805,161600
2017-05-03,9311.950195,151600
2017-05-04,9359.900391,269600
2017-05-05,9285.299805,231900
2017-05-08,9314.049805,174300
2017-05-09,9316.849609,132300
2017-05-10,9407.299805,152700
2017-05-11,9422.400391,171100
2017-05-12,9400.900391,154300
2017-05-15,9445.400391,140800
2017-05-16,9512.25,166500
2017-05-17,9525.75,205500
2017-05-18,9429.450195,193300
2017-05-19,9427.900391,252100
2017-05-22,9438.25,196800
2017-05-23,9386.150391,224400
2017-05-24,9360.549805,211800
2017-05-25,9509.75,289200
2017-05-26,9595.099609,218800
2017-05-29,9604.900391,235000
2017-05-30,9624.549805,193900
2017-05-31,9621.25,414300
2017-06-01,9616.099609,176100
2017-06-02,9653.5,162200
2017-06-05,9675.099609,127700
2017-06-06,9637.150391,145900
2017-06-07,9663.900391,160700
2017-06-08,9647.25,155400
2017-06-09,9668.25,159000
2017-06-12,9616.400391,141400
2017-06-13,9606.900391,129700
2017-06-14,9618.150391,181800
2017-06-15,9578.049805,171100
2017-06-16,9588.049805,213200
2017-06-19,9657.549805,141700
2017-06-20,9653.5,159500
2017-06-21,9633.599609,144000
2017-06-22,9630.0,198800
2017-06-23,9574.950195,175200
2017-06-27,9511.400391,203300
2017-06-28,9491.25,172400
2017-06-29,9504.099609,259300
2017-06-30,9520.900391,179600
2017-07-03,9615.0,183000
2017-07-04,9613.299805,144800
2017-07-05,9637.599609,130800
2017-07-06,9674.549805,147400
2017-07-07,9665.799805,141800
2017-07-10,9771.049805,37500
2017-07-11,9786.049805,179700
2017-07-12,9816.099609,145500
2017-07-13,9891.700195,181300
2017-07-14,9886.349609,159600
2017-07-17,9915.950195,163500
2017-07-18,9827.150391,293900
2017-07-19,9899.599609,200200
2017-07-20,9873.299805,161100
2017-07-21,9915.25,187500
2017-07-24,9966.400391,174500
2017-07-25,9964.549805,185500
2017-07-26,10020.650391,197600
2017-07-27,10020.549805,287900
2017-07-28,10014.5,191600
2017-07-31,10077.099609,237700
2017-08-01,10114.650391,184300
2017-08-02,10081.5,161500
2017-08-03,10013.650391,192700
2017-08-04,10066.400391,178600
2017-08-07,10057.400391,137400
2017-08-08,9978.549805,203300
2017-08-09,9908.049805,169200
2017-08-10,9820.25,235500
2017-08-11,9710.799805,285900
2017-08-14,9794.150391,195600
2017-08-16,9897.299805,219500
2017-08-17,9904.150391,197600
2017-08-18,9837.400391,246300
2017-08-21,9754.349609,205300
2017-08-22,9765.549805,183600
2017-08-23,9852.5,168600
2017-08-24,9857.049805,184700
2017-08-28,9912.799805,159600
2017-08-29,9796.049805,173300
2017-08-30,9884.400391,157800
2017-08-31,9917.900391,327700
2017-09-01,9974.400391,157800
2017-09-04,9912.849609,148800
2017-09-05,9952.200195,139200
2017-09-06,9916.200195,149200
2017-09-07,9929.900391,188800
2017-09-08,9934.799805,163600
2017-09-11,10006.049805,173000
2017-09-12,10093.049805,182600
2017-09-13,10079.299805,215000
2017-09-14,10086.599609,225600
2017-09-15,10085.400391,266600
2017-09-18,10153.099609,156100
2017-09-19,10147.549805,187500
2017-09-20,10141.150391,199400
2017-09-21,10121.900391,191800
2017-09-22,9964.400391,226600
2017-09-25,9872.599609,221400
2017-09-26,9871.5,190900
2017-09-27,9735.75,200100
2017-09-28,9768.950195,385000
2017-09-29,9788.599609,196300
2017-10-03,9859.5,162800
2017-10-04,9914.900391,156200
2017-10-05,9888.700195,147800
2017-10-06,9979.700195,195800
2017-10-09,9988.75,143900
2017-10-10,10016.950195,148600
2017-10-11,9984.799805,189700
2017-10-12,10096.400391,200900
2017-10-13,10167.450195,230100
2017-10-16,10230.849609,203000
2017-10-17,10234.450195,195700
2017-10-18,10210.849609,254200
2017-10-19,10146.549805,30200
2017-10-23,10184.849609,218100
2017-10-24,10207.700195,217200
2017-10-25,10295.349609,594200
2017-10-26,10343.799805,429700
2017-10-27,10323.049805,312700
2017-10-30,10363.650391,236900
2017-10-31,10335.299805,232600
2017-11-01,10440.5,260300
2017-11-02,10423.799805,201500
2017-11-03,10452.5,199900
2017-11-06,10451.799805,193600
2017-11-07,10350.150391,286900
2017-11-08,10303.150391,274500
2017-11-09,10308.950195,240200
2017-11-10,10321.75,279400
2017-11-13,10224.950195,210300
2017-11-14,10186.599609,305000
2017-11-15,10118.049805,207400
2017-11-16,10214.75,182600
2017-11-17,10283.599609,203300
2017-11-20,10298.75,147200
2017-11-21,10326.900391,186100
2017-11-22,10342.299805,157600
2017-11-23,10348.75,153000
2017-11-24,10389.700195,129200
2017-11-27,10399.549805,141900
2017-11-28,10370.25,196000
2017-11-29,10361.299805,152500
2017-11-30,10226.549805,342500
2017-12-01,10121.799805,143400
2017-12-04,10127.75,148600
2017-12-05,10118.25,155500
2017-12-06,10044.099609,166100
2017-12-07,10166.700195,166200
2017-12-08,10265.650391,200000
2017-12-11,10322.25,147400
2017-12-12,10240.150391,175100
2017-12-13,10192.950195,181600
2017-12-14,10252.099609,154300
2017-12-15,10333.25,255100
2017-12-18,10388.75,230400
2017-12-19,10463.200195,169100
2017-12-20,10444.200195,175200
2017-12-21,10440.299805,151900
2017-12-22,10493.0,138800
2017-12-26,10531.5,155600
2017-12-27,10490.75,165200
2017-12-28,10477.900391,272900
2017-12-29,10530.700195,152000
2018-01-02,10442.200195,153400
2018-01-03,10443.200195,167300
2018-01-04,10504.799805,174900
2018-01-05,10558.849609,180900
2018-01-08,10623.599609,169000
2018-01-09,10637.0,205000
2018-01-10,10632.200195,176400
2018-01-11,10651.200195,153800
2018-01-12,10681.25,175200
2018-01-15,10741.549805,175900
2018-01-16,10700.450195,211000
2018-01-17,10788.549805,252700
2018-01-18,10817.0,312000
2018-01-19,10894.700195,207600
2018-01-22,10966.200195,231600
2018-01-23,11083.700195,284600
2018-01-24,11086.0,283400
2018-01-25,11069.650391,330300
2018-01-29,11130.400391,241700
2018-01-30,11049.650391,228000
2018-01-31,11027.700195,245900
2018-02-01,11016.900391,306200
2018-02-02,10760.599609,282700
2018-02-05,10666.549805,240100
2018-02-06,10498.25,266500
2018-02-07,10476.700195,250400
2018-02-08,10576.849609,232200
2018-02-09,10454.950195,191600
2018-02-12,10539.75,217400
2018-02-14,10500.900391,229200
2018-02-15,10545.5,210600
2018-02-16,10452.299805,184300
2018-02-19,10378.400391,187300
2018-02-20,10360.400391,187700
2018-02-21,10397.450195,234100
2018-02-22,10382.700195,313600
2018-02-23,10491.049805,210600
2018-02-26,10582.599609,171900
2018-02-27,10554.299805,187500
2018-02-28,10492.849609,286000
2018-03-01,10458.349609,176000
2018-03-05,10358.849609,194000
2018-03-06,10249.25,222900
2018-03-07,10154.200195,249500
2018-03-08,10242.650391,226400
2018-03-09,10226.849609,186500
2018-03-12,10421.400391,216400
2018-03-13,10426.849609,266700
2018-03-14,10410.900391,181400
2018-03-15,10360.150391,173900
2018-03-16,10195.150391,328500
2018-03-19,10094.25,210200
2018-03-20,10124.349609,203000
2018-03-21,10155.25,204800
2018-03-22,10114.75,230500
2018-03-23,9998.049805,285700
2018-03-26,10130.650391,262600
2018-03-27,10184.150391,225700
2018-03-28,10113.700195,344400
2018-04-02,10211.799805,225400
2018-04-03,10245.0,205300
2018-04-04,10128.400391,231100
2018-04-05,10325.150391,236800
2018-04-06,10331.599609,200200
2018-04-09,10379.349609,221600
2018-04-10,10402.25,251700
2018-04-11,10417.150391,250400
2018-04-12,10458.650391,238600
2018-04-13,10480.599609,213100
2018-04-16,10528.349609,195000
2018-04-17,10548.700195,206100
2018-04-18,10526.200195,205400
2018-04-19,10565.299805,262600
2018-04-20,10564.049805,244600
2018-04-23,10584.700195,194200
2018-04-24,10614.349609,219200
2018-04-25,10570.549805,189200
2018-04-26,10617.799805,335100
2018-04-27,10692.299805,0
2018-04-30,10739.349609,173800
2018-05-02,10718.049805,229700
2018-05-03,10679.650391,185200
2018-05-04,10618.25,186500
2018-05-07,10715.5,168400
2018-05-08,10717.799805,269800
2018-05-09,10741.700195,215400
2018-05-10,10716.549805,192100
2018-05-11,10806.5,203100
2018-05-14,10806.599609,171400
2018-05-15,10801.849609,254300
2018-05-16,10741.099609,231100
2018-05-17,10682.700195,214100
2018-05-18,10596.400391,223000
2018-05-21,10516.700195,0
2018-05-22,10536.700195,241700
2018-05-23,10430.349609,290900
2018-05-24,10513.849609,297600
2018-05-25,10605.150391,260800
2018-05-28,10688.650391,232600
2018-05-29,10633.299805,225800
2018-05-30,10614.349609,238700
2018-05-31,10736.150391,610300
2018-06-01,10696.200195,220600
2018-06-04,10628.5,203800
2018-06-05,10593.150391,167700
2018-06-06,10684.650391,189900
2018-06-07,10768.349609,220900
2018-06-08,10767.650391,209400
2018-06-11,10786.950195,211400
2018-06-12,10842.849609,198300
2018-06-13,10856.700195,213400
2018-06-14,10808.049805,184300
2018-06-15,10817.700195,305400
2018-06-18,10799.849609,196600
2018-06-19,10710.450195,224500
2018-06-20,10772.049805,193500
2018-06-21,10741.099609,223600
2018-06-22,10821.849609,229800
2018-06-25,10762.450195,229600
2018-06-26,10769.150391,220000
2018-06-27,10671.400391,246000
2018-06-28,10589.099609,352300
2018-06-29,10714.299805,242800
2018-07-02,10657.299805,295400
2018-07-03,10699.900391,202100
2018-07-04,10769.900391,173900
2018-07-05,10749.75,220500
2018-07-06,10772.650391,0
2018-07-09,10852.900391,183600
2018-07-10,10947.25,197000
2018-07-11,10948.299805,222300
2018-07-12,11023.200195,248300
2018-07-13,11018.900391,0
2018-07-16,10936.849609,210500
2018-07-17,11008.049805,210600
2018-07-18,10980.450195,225500
2018-07-19,10957.099609,215400
2018-07-20,11010.200195,187300
2018-07-23,11084.75,229100
2018-07-24,11134.299805,205800
2018-07-25,11132.0,205900
2018-07-26,11167.299805,365400
2018-07-27,11278.349609,314600
2018-07-30,11319.549805,278800
2018-07-31,11356.5,256500
2018-08-01,11346.200195,269700
2018-08-02,11244.700195,210000
2018-08-03,11360.799805,218300
2018-08-06,11387.099609,203700
2018-08-07,11389.450195,226400
2018-08-08,11450.0,210500
2018-08-09,11470.700195,302200
2018-08-10,11429.5,0
2018-08-13,11355.75,246900
2018-08-14,11435.099609,232600
2018-08-16,11385.049805,290600
2018-08-17,11470.75,234700
2018-08-20,11551.75,232600
2018-08-21,11570.900391,224200
2018-08-23,11582.75,248500
2018-08-24,11557.099609,218800
2018-08-27,11691.950195,199500
2018-08-28,11738.5,241900
2018-08-29,11691.900391,251600
2018-08-30,11676.799805,313800
2018-08-31,11680.5,346500
2018-09-03,11582.349609,234400
2018-09-04,11520.299805,254800
2018-09-05,11476.950195,246100
2018-09-06,11536.900391,247900
2018-09-07,11589.099609,295900
2018-09-10,11438.099609,286700
2018-09-11,11287.5,0
2018-09-12,11369.900391,268200
2018-09-14,11515.200195,276600
2018-09-17,11377.75,201400
2018-09-18,11278.900391,240900
2018-09-19,11234.349609,250600
2018-09-21,11143.099609,719000
2018-09-24,10967.400391,0
2018-09-25,11067.450195,405000
2018-09-26,11053.799805,340500
2018-09-27,10977.549805,405700
2018-09-28,10930.450195,478100
2018-10-01,11008.299805,387000
2018-10-03,10858.25,386800
2018-10-04,10599.25,425100
2018-10-05,10316.450195,606400
2018-10-08,10348.049805,456200
2018-10-09,10301.049805,430500
2018-10-10,10460.099609,0
2018-10-11,10234.650391,483500
2018-10-12,10472.5,343500
2018-10-15,10512.5,259500
2018-10-16,10584.75,265200
2018-10-17,10453.049805,284800
2018-10-19,10303.549805,357500
2018-10-22,10245.25,297300
2018-10-23,10146.799805,302600
2018-10-24,10224.75,351400
2018-10-25,10124.900391,0
2018-10-26,10030.0,364300
2018-10-29,10250.849609,364400
2018-10-30,10198.400391,289800
2018-10-31,10386.599609,375000
2018-11-01,10380.450195,348500
2018-11-02,10553.0,421200
2018-11-05,10524.0,301900
2018-11-06,10530.0,0
2018-11-07,10598.400391,31200
2018-11-09,10585.200195,296600
2018-11-12,10482.200195,259700
2018-11-13,10582.5,254600
2018-11-14,10576.299805,384500
2018-11-15,10616.700195,0
2018-11-16,10682.200195,342800
2018-11-19,10763.400391,272100
2018-11-20,10656.200195,295200
2018-11-21,10600.049805,300900
2018-11-22,10526.75,239500
2018-11-26,10628.599609,0
2018-11-27,10685.599609,0
2018-11-28,10728.849609,424500
2018-11-29,10858.700195,691300
2018-11-30,10876.75,453900
2018-12-03,10883.75,409700
2018-12-04,10869.5,322100
2018-12-05,10782.900391,312300
2018-12-06,10601.150391,318500
2018-12-07,10693.700195,325800
2018-12-10,10488.450195,381300
2018-12-11,10549.150391,425500
2018-12-12,10737.599609,360500
2018-12-13,10791.549805,376200
2018-12-14,10805.450195,340100
2018-12-17,10888.349609,296900
2018-12-18,10908.700195,286100
2018-12-19,10967.299805,312100
2018-12-20,10951.700195,318900
2018-12-21,10754.0,377500
2018-12-24,10663.5,223400
2018-12-26,10729.849609,263700
2018-12-27,10779.799805,456100
2018-12-28,10859.900391,245500
2018-12-31,10862.549805,180900
2019-01-02,10792.5,309700
2019-01-03,10672.25,286200
2019-01-04,10727.349609,296600
2019-01-07,10771.799805,269400
2019-01-08,10802.150391,277700
2019-01-09,10855.150391,333000
2019-01-10,10821.599609,254400
2019-01-11,10794.950195,260800
2019-01-14,10737.599609,298800
2019-01-15,10886.799805,310700
2019-01-16,10890.299805,276500
2019-01-17,10905.200195,271700
2019-01-18,10906.950195,323800
2019-01-21,10961.849609,288800
2019-01-22,10922.75,300800
2019-01-23,10831.5,298900
2019-01-24,10849.799805,361100
2019-01-25,10780.549805,463400
2019-01-28,10661.549805,419700
2019-01-29,10652.200195,356900
2019-01-30,10651.799805,410100
2019-01-31,10830.950195,604800
2019-02-01,10893.650391,482300
2019-02-04,10912.25,318300
2019-02-05,10934.349609,268100
2019-02-06,11062.450195,298500
2019-02-07,11069.400391,263500
2019-02-08,10943.599609,352800
2019-02-11,10888.799805,286000
2019-02-12,10831.400391,292300
2019-02-14,10746.049805,627000
2019-02-15,10724.400391,521900
2019-02-18,10640.950195,345400
2019-02-19,10604.349609,291500
2019-02-20,10735.450195,289200
2019-02-21,10789.849609,279600
2019-02-22,10791.650391,396800
2019-02-25,10880.099609,385900
2019-02-26,10835.299805,415000
2019-02-27,10806.650391,381100
2019-02-28,10792.5,644200
2019-03-01,10863.5,308500
2019-03-05,10987.450195,373200
2019-03-06,11053.0,372600
2019-03-07,11058.200195,321200
2019-03-08,11035.400391,326600
2019-03-11,11168.049805,352200
2019-03-12,11301.200195,391300
2019-03-13,11341.700195,383000
2019-03-14,11343.25,294500
2019-03-15,11426.849609,463700
2019-03-18,11462.200195,320300
2019-03-19,11532.400391,326100
2019-03-20,11521.049805,366300
2019-03-22,11456.900391,386200
2019-03-25,11354.25,294500
2019-03-26,11483.25,282600
2019-03-27,11445.049805,350400
2019-03-28,11570.0,527700
2019-04-01,11669.150391,379600
2019-04-02,11713.200195,386100
2019-04-03,11643.950195,365800
2019-04-04,11598.0,349000
2019-04-05,11665.950195,266700
2019-04-08,11604.5,260900
2019-04-09,11671.950195,300500
2019-04-10,11584.299805,359900
2019-04-11,11596.700195,279800
2019-04-12,11643.450195,246000
2019-04-15,11690.349609,290000
2019-04-16,11787.150391,354300
2019-04-18,11752.799805,339700
2019-04-22,11594.450195,260400
2019-04-23,11575.950195,272500
2019-04-24,11726.150391,335200
2019-04-25,11641.799805,604400
2019-04-26,11754.650391,333500
2019-04-30,11748.150391,532600
2019-05-02,11724.75,380300
2019-05-03,11712.25,305500
2019-05-06,11598.25,299000
2019-05-07,11497.900391,337500
2019-05-08,11359.450195,372800
2019-05-09,11301.799805,373000
2019-05-10,11278.900391,387300
2019-05-13,11148.200195,357600
2019-05-14,11222.049805,398100
2019-05-15,11157.0,414200
2019-05-16,11257.099609,350700
2019-05-17,11407.150391,412100
2019-05-20,11828.25,452100
2019-05-21,11709.099609,381000
2019-05-22,11737.900391,355900
2019-05-23,11657.049805,569000
2019-05-24,11844.099609,374600
2019-05-27,11924.75,348400
2019-05-28,11928.75,598300
2019-05-29,11861.099609,318100
2019-05-30,11945.900391,421200
2019-05-31,11922.799805,438900
2019-06-03,12088.549805,315300
2019-06-04,12021.650391,289200
2019-06-06,11843.75,415200
2019-06-07,11870.650391,302500
2019-06-10,11922.700195,303300
2019-06-11,11965.599609,332200
2019-06-12,11906.200195,283700
2019-06-13,11914.049805,447900
2019-06-14,11823.299805,390300
2019-06-17,11672.150391,295500
2019-06-18,11691.5,365500
2019-06-19,11691.450195,446900
2019-06-20,11831.75,442000
2019-06-21,11724.099609,468400
2019-06-24,11699.650391,277600
2019-06-25,11796.450195,300500
2019-06-26,11847.549805,327900
2019-06-27,11841.549805,480200
2019-06-28,11788.849609,303900
2019-07-01,11865.599609,278400
2019-07-02,11910.299805,363200
2019-07-03,11916.75,340500
2019-07-04,11946.75,333600
2019-07-05,11811.150391,530700
2019-07-08,11558.599609,464000
2019-07-09,11555.900391,442500
2019-07-10,11498.900391,337600
2019-07-11,11582.900391,317300
2019-07-12,11552.5,359400
2019-07-15,11588.349609,368800
2019-07-16,11662.599609,480200
2019-07-17,11687.5,464800
2019-07-18,11596.900391,498300
2019-07-19,11419.25,446000
2019-07-22,11346.200195,516000
2019-07-23,11331.049805,458900
2019-07-24,11271.299805,413200
2019-07-25,11252.150391,553700
2019-07-26,11284.299805,522700
2019-07-29,11189.200195,482900
2019-07-30,11085.400391,479100
2019-07-31,11118.0,536700
2019-08-01,10980.0,499900
2019-08-02,10997.349609,547400
2019-08-05,10862.599609,506600
2019-08-06,10948.25,517900
2019-08-07,10855.5,548500
2019-08-08,11032.450195,482500
2019-08-09,11109.650391,538100
2019-08-13,10925.849609,624600
2019-08-14,11029.400391,511500
2019-08-16,11047.799805,470900
2019-08-19,11053.900391,369500
2019-08-20,11017.0,444700
2019-08-21,10918.700195,557900
2019-08-22,10741.349609,668200
2019-08-23,10829.349609,667100
2019-08-26,11057.849609,684100
2019-08-27,11105.349609,685600
2019-08-28,11046.099609,550000
2019-08-29,10948.299805,649900
2019-08-30,11023.25,628200
2019-09-03,10797.900391,483000
2019-09-04,10844.650391,508800
2019-09-05,10847.900391,595700
2019-09-06,10946.200195,497200
2019-09-09,11003.049805,412500
2019-09-11,11035.700195,687100
2019-09-12,10982.799805,551400
2019-09-13,11075.900391,624300
2019-09-16,11003.5,434500
2019-09-17,10817.599609,482000
2019-09-18,10840.650391,519200
2019-09-19,10704.799805,642600
2019-09-20,11274.200195,1356800
2019-09-23,11600.200195,882800
2019-09-24,11588.200195,651700
2019-09-25,11440.200195,629100
2019-09-26,11571.200195,844500
2019-09-27,11512.400391,650000
2019-09-30,11474.450195,756800
2019-10-01,11359.900391,1305400
2019-10-03,11314.0,1017500
2019-10-04,11174.75,928500
2019-10-07,11126.400391,733200
2019-10-09,11313.299805,741100
2019-10-10,11234.549805,562000
2019-10-11,11305.049805,737800
2019-10-14,11341.150391,587600
2019-10-15,11428.299805,527400
2019-10-16,11464.0,533500
2019-10-17,11586.349609,797600
2019-10-18,11661.849609,853400
2019-10-22,11588.349609,867600
2019-10-23,11604.099609,664200
2019-10-24,11582.599609,700500
2019-10-25,11583.900391,812000
2019-10-29,11786.849609,951700
2019-10-30,11844.099609,725200
2019-10-31,11877.450195,1414800
2019-11-01,11890.599609,855300
2019-11-04,11941.299805,823100
2019-11-05,11917.200195,632000
2019-11-06,11966.049805,603400
2019-11-07,12012.049805,563000
2019-11-08,11908.150391,789300
2019-11-11,11913.450195,549000
2019-11-13,11840.450195,659000
2019-11-14,11872.099609,559500
2019-11-15,11895.450195,580200
2019-11-18,11884.5,514400
2019-11-19,11940.099609,613900
2019-11-20,11999.099609,646700
2019-11-21,11968.400391,557700
2019-11-22,11914.400391,486800
2019-11-25,12073.75,534300
2019-11-26,12037.700195,1201300
2019-11-27,12100.700195,584200
2019-11-28,12151.150391,620500
2019-11-29,12056.049805,804400
2019-12-02,12048.200195,720900
2019-12-03,11994.200195,605800
2019-12-04,12043.200195,747200
2019-12-05,12018.400391,562200
2019-12-06,11921.5,609200
2019-12-09,11937.5,599100
2019-12-10,11856.799805,650200
2019-12-11,11910.150391,997700
2019-12-12,11971.799805,752600
2019-12-13,12086.700195,597700
2019-12-16,12053.950195,437700
2019-12-17,12165.0,499600
2019-12-18,12221.650391,518900
2019-12-19,12259.700195,623100
2019-12-20,12271.799805,810700
2019-12-23,12262.75,604800
2019-12-24,12214.549805,470300
2019-12-26,12126.549805,520300
2019-12-27,12245.799805,383800
2019-12-30,12255.849609,411100
2019-12-31,12168.450195,426900
2020-01-01,12182.5,304100
2020-01-02,12282.200195,407700
2020-01-03,12226.650391,428800
2020-01-06,11993.049805,396500
2020-01-07,12052.950195,447800
2020-01-08,12025.349609,446000
2020-01-09,12215.900391,477500
2020-01-10,12256.799805,660600
2020-01-13,12329.549805,501000
2020-01-14,12362.299805,616300
2020-01-15,12343.299805,684400
2020-01-16,12355.5,395700
2020-01-17,12352.349609,502100
2020-01-20,12224.549805,491600
2020-01-21,12169.849609,400
2020-01-22,12106.900391,500
2020-01-23,12180.349609,867700
2020-01-24,12248.25,593200
2020-01-27,12119.0,441200
2020-01-28,12055.799805,478500
2020-01-29,12129.5,514400
2020-01-30,12035.799805,538100
2020-01-31,11962.099609,771300
2020-02-03,11707.900391,669800
2020-02-04,11979.650391,560400
2020-02-05,12089.150391,758000
2020-02-06,12137.950195,565100
2020-02-07,12098.349609,473500
2020-02-10,12031.5,524700
2020-02-11,12107.900391,480000
2020-02-12,12201.200195,411700
2020-02-13,12174.650391,501200
2020-02-14,12113.450195,622800
2020-02-17,12045.799805,0
2020-02-18,11992.5,676900
2020-02-19,12125.900391,513600
2020-02-20,12080.849609,502600
2020-02-24,11829.400391,490800
2020-02-25,11797.900391,461000
2020-02-26,11678.5,567600
2020-02-27,11633.299805,608600
2020-02-28,11201.75,809900
2020-03-02,11132.75,680800
2020-03-03,11303.299805,696500
2020-03-04,11251.0,797700
2020-03-05,11269.0,1352500
2020-03-06,10989.450195,1811000
2020-03-09,10451.450195,1565500
2020-03-11,10458.400391,1218500
2020-03-12,9590.150391,1343500
2020-03-13,9955.200195,1388000
2020-03-16,9197.400391,897700
2020-03-17,8967.049805,935600
2020-03-18,8468.799805,1516600
2020-03-19,8263.450195,925700
2020-03-20,8745.450195,1071500
2020-03-23,7610.25,653500
2020-03-24,7801.049805,738400
2020-03-25,8317.849609,736900
2020-03-26,8641.450195,865600
2020-03-27,8660.25,801500
2020-03-30,8281.099609,593300
2020-03-31,8597.75,712700
2020-04-01,8253.799805,506300
2020-04-03,8083.799805,697000
2020-04-07,8792.200195,814200
2020-04-08,8748.75,896500
2020-04-09,9111.900391,742100
2020-04-13,8993.849609,644000
2020-04-15,8925.299805,879100
2020-04-16,8992.799805,719400
2020-04-17,9266.75,684200
2020-04-20,9261.849609,726400
2020-04-21,8981.450195,655100
2020-04-22,9187.299805,734400
2020-04-23,9313.900391,666700
2020-04-24,9154.400391,659400
2020-04-27,9282.299805,512800
2020-04-28,9380.900391,614500
2020-04-29,9553.349609,653000
2020-04-30,9859.900391,931200
2020-05-04,9293.5,687500
2020-05-05,9205.599609,725200
2020-05-06,9270.900391,722200
2020-05-07,9199.049805,708700
2020-05-08,9251.5,609100
2020-05-11,9239.200195,704600
2020-05-12,9196.549805,805500
2020-05-13,9383.549805,846400
2020-05-14,9142.75,602600
2020-05-15,9136.849609,575900
2020-05-18,8823.25,773000
2020-05-19,8879.099609,762200
2020-05-20,9066.549805,622300
2020-05-21,9106.25,631500
2020-05-22,9039.25,675800
2020-05-26,9029.049805,655000
2020-05-27,9314.950195,763500
2020-05-28,9490.099609,837900
2020-05-29,9580.299805,967000
2020-06-01,9826.150391,794200
2020-06-02,9979.099609,770200
2020-06-03,10061.549805,794700
2020-06-04,10029.099609,775100
2020-06-05,10142.150391,987100
2020-06-08,10167.450195,936500
2020-06-09,10046.650391,754200
2020-06-10,10116.150391,632400
2020-06-11,9902.0,715500
2020-06-12,9972.900391,796300
2020-06-15,9813.700195,716100
2020-06-16,9914.0,899900
2020-06-17,9881.150391,685400
2020-06-18,10091.650391,622900
2020-06-19,10244.400391,892100
2020-06-22,10311.200195,685400
2020-06-23,10471.0,669200
2020-06-24,10305.299805,854800
2020-06-25,10288.900391,994200
2020-06-26,10383.0,671900
2020-06-29,10312.400391,574500
2020-06-30,10302.099609,556200
2020-07-01,10430.049805,573600
2020-07-02,10551.700195,597400
2020-07-03,10607.349609,525200
2020-07-06,10763.650391,571200
2020-07-07,10799.650391,636800
2020-07-08,10705.75,767900
2020-07-09,10813.450195,618700
2020-07-10,10768.049805,590700
2020-07-13,10802.700195,554100
2020-07-14,10607.349609,532400
2020-07-15,10618.200195,715900
2020-07-16,10739.950195,694400
2020-07-17,10901.700195,676900
2020-07-20,11022.200195,554300
2020-07-21,11162.25,772000
2020-07-22,11132.599609,765100
2020-07-23,11215.450195,621600
2020-07-24,11194.150391,678900
2020-07-27,11131.799805,588100
2020-07-28,11300.549805,683900
2020-07-29,11202.849609,600700
2020-07-30,11102.150391,677800
2020-07-31,11073.450195,642600
2020-08-03,10891.599609,680900
2020-08-04,11095.25,625700
2020-08-05,11101.650391,667600
2020-08-06,11200.150391,600400
2020-08-07,11214.049805,452600
2020-08-10,11270.150391,492000
2020-08-11,11322.5,586100
2020-08-12,11308.400391,609900
2020-08-13,11300.450195,562400
2020-08-14,11178.400391,645100
2020-08-17,11247.099609,634000
2020-08-18,11385.349609,579200
2020-08-19,11408.400391,626200
2020-08-20,11312.200195,791600
2020-08-21,11371.599609,668700
2020-08-24,11466.450195,532900
2020-08-25,11472.25,638200
2020-08-26,11549.599609,743400
2020-08-27,11559.25,719800
2020-08-28,11647.599609,807000
2020-08-31,11387.5,1371800
2020-09-01,11470.25,783800
2020-09-02,11535.0,593500
2020-09-03,11527.450195,607100
2020-09-04,11333.849609,681300
2020-09-07,11355.049805,560300
2020-09-08,11317.349609,572200
2020-09-09,11278.0,728900
2020-09-10,11449.25,679400
2020-09-11,11464.450195,554800
2020-09-14,11440.049805,642300
2020-09-15,11521.799805,506700
2020-09-16,11604.549805,527800
2020-09-17,11516.099609,0
2020-09-18,11504.950195,764200
2020-09-21,11250.549805,602900
2020-09-22,11153.650391,672200
2020-09-23,11131.849609,714900
2020-09-24,10805.549805,706100
2020-09-25,11050.25,559600
2020-09-28,11227.549805,472800
2020-09-29,11222.400391,498300
2020-09-30,11247.549805,499300
2020-10-01,11416.950195,447700
2020-10-05,11503.349609,530600
2020-10-06,11662.400391,561400
2020-10-07,11738.849609,513400
2020-10-08,11834.599609,608800
2020-10-09,11914.200195,611100
2020-10-12,11930.950195,522600
2020-10-13,11934.5,458300
2020-10-14,11971.049805,569200
2020-10-15,11680.349609,608900
2020-10-16,11762.450195,555800
2020-10-19,11873.049805,541400
2020-10-20,11896.799805,453600
2020-10-21,11937.650391,623700
2020-10-22,11896.450195,544900
2020-10-23,11930.349609,502300
2020-10-26,11767.75,519800
2020-10-27,11889.400391,616300
2020-10-28,11729.599609,704000
2020-10-29,11670.799805,555000
2020-10-30,11642.400391,553700
2020-11-02,11669.150391,568400
2020-11-03,11813.5,674300
2020-11-04,11908.5,667300
2020-11-05,12120.299805,632500
2020-11-06,12263.549805,576800
2020-11-09,12461.049805,553400
2020-11-10,12631.099609,847500
2020-11-11,12749.150391,880500
2020-11-12,12690.799805,622000
2020-11-13,12719.950195,513900
2020-11-17,12874.200195,707700
2020-11-18,12938.25,731300
2020-11-19,12771.700195,768800
2020-11-20,12859.049805,664000
2020-11-23,12926.450195,633100
2020-11-24,13055.150391,571900
2020-11-25,12858.400391,679000
2020-11-26,12987.0,549800
2020-11-27,12968.950195,1162400
2020-12-01,13109.049805,583600
2020-12-02,13113.75,717700
2020-12-03,13133.900391,713700
2020-12-04,13258.549805,640500
2020-12-07,13355.75,591700
2020-12-08,13392.950195,543200
2020-12-09,13529.099609,502600
2020-12-10,13478.299805,553400
2020-12-11,13513.849609,787700
2020-12-14,13558.150391,558400
2020-12-15,13567.849609,497600
2020-12-16,13682.700195,462200
2020-12-17,13740.700195,416000
2020-12-18,13760.549805,519400
2020-12-21,13328.400391,687300
2020-12-22,13466.299805,696200
2020-12-23,13601.099609,458700
2020-12-24,13749.25,471400
2020-12-28,13873.200195,403600
2020-12-29,13932.599609,439600
2020-12-30,13981.950195,380700
2020-12-31,13981.75,452400
2021-01-01,14018.5,358100
2021-01-04,14132.900391,495000
2021-01-05,14199.5,492500
2021-01-06,14146.25,632300
2021-01-07,14137.349609,559200
2021-01-08,14347.25,613500
2021-01-11,14484.75,672900
2021-01-12,14563.450195,929600
2021-01-13,14564.849609,874000
2021-01-14,14595.599609,620200
2021-01-15,14433.700195,789600
2021-01-18,14281.299805,762000
2021-01-19,14521.150391,546100
2021-01-20,14644.700195,623100
2021-01-21,14590.349609,704600
2021-01-22,14371.900391,776800
2021-01-25,14238.900391,618600
2021-01-27,13967.5,660700
2021-01-28,13817.549805,637900
2021-01-29,13634.599609,753200
2021-02-01,14281.200195,870500
2021-02-02,14647.849609,915000
2021-02-03,14789.950195,869500
2021-02-04,14895.650391,884700
2021-02-05,14924.25,935600
2021-02-08,15115.799805,671200
2021-02-09,15109.299805,713300
2021-02-10,15106.5,624800
2021-02-11,15173.299805,500100
2021-02-12,15163.299805,571800
2021-02-15,15314.700195,456000
2021-02-16,15313.450195,648500
2021-02-17,15208.900391,504800
2021-02-18,15118.950195,770600
2021-02-19,14981.75,712200
2021-02-22,14675.700195,609900
2021-02-23,14707.799805,744100
2021-02-24,14982.0,403800
2021-02-25,15097.349609,803900
2021-02-26,14529.150391,1103600
2021-03-01,14761.549805,507300
2021-03-02,14919.099609,621700
2021-03-03,15245.599609,544200
2021-03-04,15080.75,534900
2021-03-05,14938.099609,640700
2021-03-08,14956.200195,0
2021-03-09,15098.400391,675300
2021-03-10,15174.799805,404600
2021-03-12,15030.950195,493200
2021-03-15,14929.5,467500
2021-03-16,14910.450195,100
2021-03-17,14721.299805,100
2021-03-18,14557.849609,542200
2021-03-19,14744.0,919200
2021-03-22,14736.400391,459000
2021-03-23,14814.75,474200
2021-03-24,14549.400391,456400
2021-03-25,14324.900391,606800
2021-03-26,14507.299805,481000
2021-03-30,14845.099609,594500
2021-03-31,14690.700195,463900
2021-04-01,14867.349609,445000
2021-04-05,14637.799805,509700
2021-04-06,14683.5,475300
2021-04-07,14819.049805,0
2021-04-08,14873.799805,514800
2021-04-09,14834.849609,504100
2021-04-12,14310.799805,650200
2021-04-13,14504.799805,605100
2021-04-15,14581.450195,568000
2021-04-16,14617.849609,577200
2021-04-19,14359.450195,512300
2021-04-20,14296.400391,467400
2021-04-22,14406.150391,524600
2021-04-23,14341.349609,498100
2021-04-26,14485.0,452700
2021-04-27,14653.049805,451800
2021-04-28,14864.549805,457000
2021-04-29,14894.900391,517500
2021-04-30,14631.099609,613900
2021-05-03,14634.150391,448900
2021-05-04,14496.5,503400
2021-05-05,14617.849609,455900
2021-05-06,14724.799805,467800
2021-05-07,14823.150391,488000
2021-05-10,14942.349609,522000
2021-05-11,14850.75,647400
2021-05-12,14696.5,643800
2021-05-14,14677.799805,620700
2021-05-17,14923.150391,546400
2021-05-18,15108.099609,583900
2021-05-19,15030.150391,569100
2021-05-20,14906.049805,480300
2021-05-21,15175.299805,572900
2021-05-24,15197.700195,579800
2021-05-25,15208.450195,441500
2021-05-26,15301.450195,384000
2021-05-27,15337.849609,0
2021-05-28,15435.650391,468100
2021-05-31,15582.799805,436000
2021-06-01,15574.849609,409600
2021-06-02,15576.200195,428600
2021-06-03,15690.349609,410200
2021-06-04,15670.25,414200
2021-06-07,15751.650391,394000
2021-06-08,15740.099609,378200
2021-06-09,15635.349609,457900
2021-06-10,15737.75,298300
2021-06-11,15799.349609,363000
2021-06-14,15811.849609,392900
2021-06-15,15869.25,323300
2021-06-16,15767.549805,340200
2021-06-17,15691.400391,357600
2021-06-18,15683.349609,640800
2021-06-21,15746.5,351500
2021-06-22,15772.75,322200
2021-06-23,15686.950195,287500
2021-06-24,15790.450195,316700
2021-06-25,15860.349609,314600
2021-06-28,15814.700195,255100
2021-06-29,15748.450195,360300
2021-06-30,15721.5,262400
2021-07-01,15680.0,224900
2021-07-02,15722.200195,254800
2021-07-05,15834.349609,207000
2021-07-06,15818.25,391400
2021-07-07,15879.650391,329300
2021-07-08,15727.900391,307900
2021-07-09,15689.799805,243200
2021-07-12,15692.599609,216300
2021-07-13,15812.349609,246700
2021-07-14,15853.950195,0
2021-07-15,15924.200195,284900
2021-07-16,15923.400391,276300
2021-07-19,15752.400391,242100
2021-07-20,15632.099609,274300
2021-07-22,15824.049805,265300
2021-07-23,15856.049805,294100
2021-07-26,15824.450195,267100
2021-07-27,15746.450195,311000
2021-07-28,15709.400391,318600
2021-07-29,15778.450195,401600
2021-07-30,15763.049805,400000
2021-08-02,15885.150391,244800
2021-08-03,16130.75,341300
2021-08-04,16258.799805,427300
2021-08-05,16294.599609,418200
2021-08-06,16238.200195,320100
2021-08-09,16258.25,240500
2021-08-10,16280.099609,288000
2021-08-11,16282.25,277900
2021-08-12,16364.400391,280200
2021-08-13,16529.099609,321900
2021-08-16,16563.050781,254000
2021-08-17,16614.599609,297400
2021-08-18,16568.849609,251800
2021-08-20,16450.5,350800
2021-08-23,16496.449219,275600
2021-08-24,16624.599609,275400
2021-08-25,16634.650391,265900
2021-08-26,16636.900391,253500
2021-08-27,16705.199219,217400
2021-08-30,16931.050781,283500
2021-08-31,17132.199219,464400
2021-09-01,17076.25,301900
2021-09-02,17234.150391,242400
2021-09-03,17323.599609,261400
2021-09-06,17377.800781,228000
2021-09-07,17362.099609,243400
2021-09-08,17353.5,252700
2021-09-09,17369.25,241500
2021-09-13,17355.300781,241100
2021-09-14,17380.0,230400
2021-09-15,17519.449219,388200
2021-09-16,17629.5,503300
2021-09-17,17585.150391,508300
2021-09-20,17396.900391,339100
2021-09-21,17562.0,363600
2021-09-22,17546.650391,295200
2021-09-23,17822.949219,320500
2021-09-24,17853.199219,360100
2021-09-27,17855.099609,295700
2021-09-28,17748.599609,398000
2021-09-29,17711.300781,562200
2021-09-30,17618.150391,378600
2021-10-01,17532.050781,305800
2021-10-04,17691.25,295800
2021-10-05,17822.300781,427000
2021-10-06,17646.0,395800
2021-10-07,17790.349609,419900
2021-10-08,17895.199219,324100
2021-10-11,17945.949219,375800
2021-10-12,17991.949219,355600
2021-10-13,18161.75,506700
2021-10-14,18338.550781,538700
2021-10-18,18477.050781,469900
2021-10-19,18418.75,368200
2021-10-20,18266.599609,371300
2021-10-21,18178.099609,365900
2021-10-22,18114.900391,324700
2021-10-25,18125.400391,418700
2021-10-26,18268.400391,341400
2021-10-27,18210.949219,335200
2021-10-28,17857.25,374200
2021-10-29,17671.650391,336500
2021-11-01,17929.650391,281200
2021-11-02,17888.949219,296400
2021-11-03,17829.199219,331000
2021-11-04,17916.800781,48500
2021-11-08,18068.550781,338900
2021-11-09,18044.25,270200
2021-11-10,18017.199219,261400
2021-11-11,17873.599609,232100
2021-11-12,18102.75,249100
2021-11-15,18109.449219,280400
2021-11-16,17999.199219,267400
2021-11-17,17898.650391,295700
2021-11-18,17764.800781,278400
2021-11-22,17416.550781,356400
2021-11-23,17503.349609,308800
2021-11-24,17415.050781,298100
2021-11-25,17536.25,255900
2021-11-26,17026.449219,356300
2021-11-29,17053.949219,348900
2021-11-30,16983.199219,498000
2021-12-01,17166.900391,295500
2021-12-02,17401.650391,279900
2021-12-03,17196.699219,292500
2021-12-06,16912.25,231700
2021-12-07,17176.699219,254100
2021-12-08,17469.75,257800
2021-12-09,17516.849609,237200
2021-12-10,17511.300781,204500
2021-12-13,17368.25,256600
2021-12-14,17324.900391,271000
2021-12-15,17221.400391,215000
2021-12-16,17248.400391,219500
2021-12-17,16985.199219,354600
2021-12-20,16614.199219,330600
2021-12-21,16770.849609,241000
2021-12-22,16955.449219,207900
2021-12-23,17072.599609,197000
2021-12-24,17003.75,182600
2021-12-27,17086.25,144800
2021-12-28,17233.25,176000
2021-12-29,17213.599609,161700
2021-12-30,17203.949219,320800
2021-12-31,17354.050781,167000
2022-01-03,17625.699219,200500
2022-01-04,17805.25,247400
2022-01-05,17925.25,251500
2022-01-06,17745.900391,236500
2022-01-07,17812.699219,239300
2022-01-10,18003.300781,232400
2022-01-11,18055.75,220200
2022-01-12,18212.349609,245000
2022-01-13,18257.800781,303700
2022-01-14,18255.75,229500
2022-01-17,18308.099609,266700
2022-01-18,18113.050781,227500
2022-01-19,17938.400391,276700
2022-01-20,17757.0,258100
2022-01-21,17617.150391,277600
2022-01-24,17149.099609,323800
2022-01-25,17277.949219,326500
2022-01-27,17110.150391,395600
2022-01-28,17101.949219,355300
2022-01-31,17339.849609,321700
2022-02-01,17576.849609,386400
2022-02-02,17780.0,271200
2022-02-03,17560.199219,226600
2022-02-04,17516.300781,261400
2022-02-07,17213.599609,265000
2022-02-08,17266.75,268500
2022-02-09,17463.800781,236400
2022-02-10,17605.849609,273600
2022-02-11,17374.75,253100
2022-02-14,16842.800781,305500
2022-02-15,17352.449219,298700
2022-02-16,17322.199219,244500
2022-02-17,17304.599609,232100
2022-02-18,17276.300781,189600
2022-02-21,17206.650391,215200
2022-02-22,17092.199219,300100
2022-02-23,17063.25,200200
2022-02-24,16247.950195,458000
2022-02-25,16658.400391,329800
2022-02-28,16793.900391,404200
2022-03-02,16605.949219,517700
2022-03-03,16498.050781,442100
2022-03-04,16245.349609,456100
2022-03-07,15863.150391,585400
2022-03-08,16013.450195,543600
2022-03-09,16345.349609,462200
2022-03-10,16594.900391,486400
2022-03-11,16630.449219,343700
2022-03-14,16871.300781,314700
2022-03-15,16663.0,381600
2022-03-16,16975.349609,260000
2022-03-17,17287.050781,448300
2022-03-21,17117.599609,285500
2022-03-22,17315.5,338300
2022-03-23,17245.650391,292100
2022-03-24,17222.75,290300
2022-03-25,17153.0,237100
2022-03-28,17222.0,253200
2022-03-29,17325.300781,235100
2022-03-30,17498.25,505000
2022-03-31,17464.75,281100
2022-04-01,17670.449219,291800
2022-04-04,18053.400391,345500
2022-04-05,17957.400391,283500
2022-04-06,17807.650391,328800
2022-04-07,17639.550781,308800
2022-04-08,17784.349609,274400
2022-04-11,17674.949219,251700
2022-04-12,17530.300781,266000
2022-04-13,17475.650391,245100
2022-04-18,17173.650391,376100
2022-04-19,16958.650391,401400
2022-04-20,17136.550781,286100
2022-04-21,17392.599609,285200
2022-04-22,17171.949219,262700
2022-04-25,16953.949219,275700
2022-04-26,17200.800781,261100
2022-04-27,17038.400391,265100
2022-04-28,17245.050781,312900
2022-04-29,17102.550781,336200
2022-05-02,17069.099609,278200
2022-05-04,16677.599609,310600
2022-05-05,16682.650391,265800
2022-05-06,16411.25,300500
2022-05-09,16301.849609,288400
2022-05-10,16240.049805,283100
2022-05-11,16167.099609,284300
2022-05-12,15808.0,314900
2022-05-13,15782.150391,369100
2022-05-16,15842.299805,217600
2022-05-17,16259.299805,295700
2022-05-18,16240.299805,290400
2022-05-19,15809.400391,313900
2022-05-20,16266.150391,252400
2022-05-23,16214.700195,293800
2022-05-24,16125.150391,249800
2022-05-25,16025.799805,243300
2022-05-26,16170.150391,314300
2022-05-27,16352.450195,274100
2022-05-30,16661.400391,251400
2022-05-31,16584.550781,651600
2022-06-01,16522.75,249600
2022-06-02,16628.0,236000
2022-06-03,16584.300781,245500
2022-06-06,16569.550781,233600
2022-06-07,16416.349609,233800
2022-06-08,16356.25,243500
2022-06-09,16478.099609,205000
2022-06-10,16201.799805,189700
2022-06-13,15774.400391,225500
2022-06-14,15732.099609,225400
2022-06-15,15692.150391,183000
2022-06-16,15360.599609,264700
2022-06-17,15293.5,342600
2022-06-20,15350.150391,260000
2022-06-21,15638.799805,262800
2022-06-22,15413.299805,220900
2022-06-23,15556.650391,259200
2022-06-24,15699.25,219600
2022-06-27,15832.049805,210900
2022-06-28,15850.200195,251900
2022-06-29,15799.099609,444900
2022-06-30,15780.25,306000
2022-07-01,15752.049805,364100
2022-07-04,15835.349609,304300
2022-07-05,15810.849609,254200
2022-07-06,15989.799805,288400
2022-07-07,16132.900391,264600
2022-07-08,16220.599609,281100
2022-07-11,16216.0,255900
2022-07-12,16058.299805,208600
2022-07-13,15966.650391,233300
2022-07-14,15938.650391,228600
2022-07-15,16049.200195,205800
2022-07-18,16278.5,227700
2022-07-19,16340.549805,222600
2022-07-20,16520.849609,284400
2022-07-21,16605.25,243600
2022-07-22,16719.449219,190900
2022-07-25,16631.0,211400
2022-07-26,16483.849609,208200
2022-07-27,16641.800781,185200
2022-07-28,16929.599609,376300
2022-07-29,17158.25,436100
2022-08-01,17340.050781,381500
2022-08-02,17345.449219,333600
2022-08-03,17388.150391,285400
2022-08-04,17382.0,325000
2022-08-05,17397.5,355300
2022-08-08,17525.099609,257000
2022-08-10,17534.75,312700
2022-08-11,17659.0,311200
2022-08-12,17698.150391,303900
2022-08-16,17825.25,0
2022-08-17,17944.25,262800
2022-08-18,17956.5,263900
2022-08-19,17758.449219,295600
2022-08-22,17490.699219,287600
2022-08-23,17577.5,285600
2022-08-24,17604.949219,262000
2022-08-25,17522.449219,230200
2022-08-26,17558.900391,266600
2022-08-29,17312.900391,244900
2022-08-30,17759.300781,324700
2022-09-01,17542.800781,308500
2022-09-02,17539.449219,256300
2022-09-05,17665.800781,230300
2022-09-06,17655.599609,251200
2022-09-07,17624.400391,354100
2022-09-08,17798.75,279800
2022-09-09,17833.349609,270300
2022-09-12,17936.349609,228200
2022-09-13,18070.050781,259900
2022-09-14,18003.75,365900
2022-09-15,17877.400391,289600
2022-09-16,17530.849609,468500
2022-09-19,17622.25,258300
2022-09-20,17816.25,263100
2022-09-21,17718.349609,245500
2022-09-22,17629.800781,284100
2022-09-23,17327.349609,390800
2022-09-26,17016.300781,492000
2022-09-27,17007.400391,359900
2022-09-28,16858.599609,323900
2022-09-29,16818.099609,340000
2022-09-30,17094.349609,376100
2022-10-03,16887.349609,278400
2022-10-04,17274.300781,226000
2022-10-06,17331.800781,265500
2022-10-07,17314.650391,216300
2022-10-10,17241.0,234000
2022-10-11,16983.550781,282600
2022-10-12,17123.599609,256000
2022-10-13,17014.349609,266400
2022-10-14,17185.699219,227000
2022-10-17,17311.800781,212200
2022-10-18,17486.949219,239500
2022-10-19,17512.25,210500
2022-10-20,17563.949219,249600
2022-10-21,17576.300781,277700
2022-10-24,17730.75,45000
2022-10-25,17656.349609,251400
2022-10-27,17736.949219,324600
2022-10-28,17786.800781,250000
2022-10-31,18012.199219,227200
2022-11-01,18145.400391,349900
2022-11-02,18082.849609,270900
2022-11-03,18052.699219,213000
2022-11-04,18117.150391,267900
2022-11-07,18202.800781,314800
